id;d_spell;f_spell;champion;side;role;assists;damage_objectives;damage_building;damage_turrets;deaths;gold_earned;kills;time_cc;damage_total;damage_taken;total_minions_killed;turret_kills;vision_score;result
0;Ignite;Flash;Leona;Blue;Support;9;0;63;0;9;5933;1;39;13802;17876;25;0;59;0
1;Cleanse;Flash;Ashe;Red;Adc;7;4885;9190;4885;5;10168;3;26;84282;17148;166;3;24;1
2;Flash;Teleport;Galio;Blue;Mid;13;1871;3221;1871;7;12038;12;34;109405;26211;147;1;29;0
3;Flash;Smite;Nunu;Red;Jungle;6;0;4920;0;6;7570;3;21;109911;22136;25;0;29;0
4;Flash;Ignite;Nautilus;Blue;Support;2;0;0;0;3;4377;1;14;17853;6680;37;0;20;0
5;Flash;Teleport;Graves;Blue;Mid;9;5749;15015;5749;9;13221;5;20;180588;25928;222;2;19;1
6;Flash;Ignite;Lulu;Red;Support;19;720;3379;720;9;8140;1;33;18443;15711;22;0;59;1
7;Ignite;Teleport;Akali;Blue;Mid;6;0;0;0;5;8522;8;2;61170;14934;107;0;14;1
8;Ghost;Smite;Hecarim;Blue;Jungle;2;0;2971;0;4;4876;0;7;72549;14499;14;0;12;0
9;Flash;Smite;Kindred;Red;Jungle;6;451;20655;451;5;8484;2;2;116340;19406;27;1;24;0
10;Teleport;Flash;Poppy;Red;Top;8;4944;7334;4944;6;9861;4;35;96700;21993;163;1;22;1
11;Ignite;Flash;Karma;Red;Support;12;802;2338;802;3;6639;1;21;17182;6837;11;0;47;1
12;Ignite;Teleport;Gwen;Blue;Top;6;6202;15216;6202;7;18542;15;12;261314;51957;296;2;45;1
13;Exhaust;Flash;Senna;Blue;Support;16;1826;14087;1826;10;13272;7;26;89787;27102;61;1;79;1
14;Ignite;Flash;Nami;Red;Support;14;176;506;176;8;7744;1;27;11210;16891;7;1;48;0
15;Ghost;Teleport;TahmKench;Blue;Top;12;5225;9160;5225;4;9933;2;27;83365;29067;119;2;15;1
16;Heal;Flash;Seraphine;Red;Adc;11;2131;3229;2131;3;9867;4;19;81191;9448;146;1;14;1
17;Teleport;Flash;Malzahar;Blue;Mid;12;4221;19241;4221;5;11244;3;57;129984;14700;150;2;28;0
18;Flash;Smite;LeeSin;Blue;Jungle;11;658;31718;658;8;14825;12;25;185256;44497;37;1;44;1
19;Ghost;Smite;Hecarim;Blue;Jungle;11;764;9590;764;4;12995;9;13;170661;42154;32;1;32;1
20;Heal;Flash;Vayne;Red;Adc;6;4779;9920;4779;7;14909;11;5;156078;23880;193;2;10;1
21;Flash;Teleport;Sylas;Red;Mid;3;607;3669;607;6;9110;4;15;80715;24070;136;0;19;0
22;Flash;Teleport;Poppy;Red;Top;8;3059;6687;3059;2;11566;5;25;127963;24368;162;2;12;1
23;Flash;Ignite;Teemo;Red;Top;2;1785;4074;1785;6;9875;5;28;104181;16619;181;0;28;0
24;Teleport;Ignite;Qiyana;Red;Top;5;0;0;0;7;10141;7;12;114217;17480;174;0;18;1
25;Teleport;Flash;Shen;Red;Top;5;0;0;0;5;5661;0;17;42550;17974;99;0;8;0
26;Flash;Heal;Jhin;Blue;Adc;19;9231;17396;9231;7;16450;13;26;211453;29049;220;2;40;1
27;Flash;Ignite;Pyke;Blue;Support;10;0;0;0;13;9266;5;17;18173;21965;22;0;58;0
28;Flash;Ignite;Teemo;Blue;Support;5;0;2080;0;14;8495;3;58;40183;27711;27;0;44;0
29;Flash;Exhaust;Lux;Blue;Support;4;0;0;0;2;5844;5;22;15186;3100;18;0;35;1
30;Flash;Teleport;Akali;Red;Mid;8;5697;7111;5697;11;17567;19;4;174788;29539;201;2;18;1
31;Ghost;Smite;Hecarim;Blue;Jungle;8;0;11984;0;3;8401;3;15;117131;25669;18;0;25;1
32;Flash;Smite;Viego;Red;Jungle;5;190;22952;190;11;15530;11;19;206885;41363;56;0;50;0
33;Flash;Ignite;Teemo;Red;Mid;7;5327;9044;5327;7;11004;5;37;112490;16791;164;1;29;0
34;Flash;Teleport;Viktor;Red;Mid;2;961;961;961;8;9966;3;9;124589;19270;210;1;19;0
35;Flash;Barrier;Jhin;Blue;Adc;14;6333;9153;6333;1;13728;4;23;192923;21499;269;3;39;1
36;Flash;Teleport;Zoe;Blue;Mid;9;4677;5728;4677;5;10798;3;11;93372;15576;169;2;23;1
37;Heal;Flash;Jinx;Blue;Adc;8;5197;25521;5197;9;19503;18;23;246292;34897;245;3;37;0
38;Ignite;Smite;Talon;Blue;Jungle;7;1678;24886;1678;5;11517;7;4;196128;24923;37;1;16;0
39;Flash;Teleport;Graves;Red;Mid;4;749;749;749;8;7238;2;7;67284;17365;124;0;9;0
40;Smite;Ghost;Hecarim;Blue;Jungle;10;2682;31724;2682;1;11051;10;20;166447;30537;24;3;21;1
41;Teleport;Flash;Zilean;Red;Top;16;0;915;0;6;9304;4;53;104884;21881;129;0;35;0
42;Teleport;Flash;Graves;Blue;Top;3;2723;4673;2723;9;11469;7;15;120481;24619;165;1;25;0
43;Flash;Ignite;Nami;Blue;Support;21;3425;3425;3425;3;9082;5;28;22076;8402;13;1;40;1
44;Heal;Flash;Jhin;Red;Adc;18;7290;13293;7290;3;16420;11;34;223011;16586;232;2;18;1
45;Flash;Heal;Jhin;Red;Adc;8;4612;14801;4612;2;14580;6;26;230696;14718;226;3;28;1
46;Smite;Flash;Zed;Blue;Jungle;1;0;1940;0;6;7791;7;2;69511;17325;19;0;12;0
47;Flash;Teleport;Syndra;Blue;Mid;2;244;592;244;6;9830;5;23;110560;15646;191;0;11;0
48;Teleport;Ignite;Akali;Red;Mid;4;345;345;345;6;9372;5;2;92829;28600;172;0;21;0
49;Teleport;Flash;Zilean;Blue;Top;3;0;0;0;2;5778;1;13;55658;8946;111;0;14;1
50;Flash;Exhaust;Jinx;Blue;Adc;7;11970;22958;11970;6;15094;14;13;167771;18952;193;6;26;1
51;Flash;Exhaust;Sylas;Red;Mid;5;688;1923;688;6;8139;2;9;100546;19239;150;0;18;0
52;Flash;Cleanse;Aphelios;Red;Adc;4;836;2837;836;5;9208;5;12;102294;15116;149;0;21;0
53;Teleport;Flash;Zilean;Blue;Top;17;1454;1454;1454;2;10929;5;42;111012;18755;157;0;27;1
54;Flash;Smite;LeeSin;Red;Jungle;11;2906;33484;2906;4;15133;12;17;150977;39287;41;3;35;1
55;Flash;Smite;LeeSin;Red;Jungle;19;4715;38259;4715;2;13282;5;19;174352;39593;17;1;30;1
56;Heal;Flash;Lulu;Red;Support;3;453;841;453;3;4226;0;14;7136;6970;15;0;39;0
57;Flash;Ignite;TwistedFate;Blue;Mid;9;0;3272;0;8;11560;5;47;102544;23839;172;0;27;0
58;Flash;Teleport;Irelia;Blue;Top;5;4914;8587;4914;12;15980;5;17;213012;40299;265;2;26;0
59;Flash;Teleport;Ziggs;Red;Adc;13;5758;9251;5758;13;13678;4;36;198906;38555;210;1;29;0
60;Smite;Flash;LeeSin;Blue;Jungle;9;2238;34240;2238;3;11599;8;17;131333;23496;15;4;30;1
61;Flash;Ignite;Riven;Blue;Top;3;4014;4899;4014;3;12443;4;29;159236;26317;239;0;23;0
62;Exhaust;Flash;Akshan;Blue;Adc;6;1622;1778;1622;19;15133;9;3;201044;34160;206;0;42;0
63;Flash;Ignite;Leblanc;Red;Mid;8;1189;1189;1189;0;7561;6;17;60425;7818;113;0;17;1
64;Flash;Smite;Graves;Red;Jungle;5;0;4974;0;7;14891;10;29;238434;33104;100;0;27;0
65;Smite;Flash;JarvanIV;Blue;Jungle;9;979;6980;979;0;7480;3;9;85156;11136;11;0;25;1
66;Flash;Teleport;Fiora;Red;Top;2;8365;8365;8365;8;9314;3;8;100278;31867;150;2;6;0
67;Flash;Teleport;Ornn;Blue;Top;5;1108;2607;1108;7;9963;3;34;94230;22619;183;0;14;0
68;Flash;Heal;Jhin;Blue;Adc;12;2832;8678;2832;5;12357;6;20;150959;19676;201;1;19;0
69;Flash;Heal;Jhin;Blue;Adc;15;7351;25877;7351;3;17602;9;49;287914;21843;270;3;26;1
70;Flash;Ignite;Thresh;Red;Support;24;113;1104;113;10;8443;1;46;18677;17935;32;0;54;1
71;Ignite;Flash;Pantheon;Red;Support;16;1900;3997;1900;7;11178;9;27;69734;21939;52;1;39;1
72;Flash;Teleport;Graves;Red;Mid;2;6937;14759;6937;1;17002;19;14;209512;13571;198;2;27;1
73;Flash;Ignite;Teemo;Red;Top;12;3058;10428;3058;9;15407;8;59;204588;28087;195;2;44;0
74;Teleport;Flash;Fiora;Red;Top;6;10988;21204;10988;4;15167;9;11;168941;38105;223;4;41;1
75;Teleport;Flash;Viktor;Red;Mid;0;485;485;485;7;5569;1;11;57398;13514;125;0;11;0
76;Flash;Smite;Graves;Blue;Jungle;7;186;25840;186;9;12927;12;22;173668;26031;27;0;26;0
77;Flash;Smite;Viego;Red;Jungle;7;3408;41779;3408;2;14641;9;11;211334;22168;39;0;26;1
78;Teleport;Flash;TwistedFate;Blue;Mid;4;578;707;578;5;8050;3;36;91164;14928;156;0;15;0
79;Flash;Exhaust;Aphelios;Red;Adc;4;7018;20564;7018;6;13271;2;11;161013;19572;235;3;36;1
80;Flash;Ignite;Galio;Blue;Support;20;814;814;814;7;9743;5;57;45953;28729;44;0;84;0
81;Smite;Flash;Viego;Red;Jungle;6;0;33340;0;3;10161;11;14;143264;21276;41;0;29;1
82;Flash;Ignite;Lissandra;Red;Mid;10;4305;6235;4305;2;10693;7;25;104347;11574;156;0;23;1
83;Heal;Flash;Sivir;Blue;Adc;6;0;1284;0;6;12991;3;0;186506;18933;241;0;13;0
84;Flash;Exhaust;Karthus;Red;Mid;0;87;657;87;6;6961;0;13;100572;10549;177;0;11;0
85;Flash;Smite;Viego;Blue;Jungle;11;306;45677;306;9;17691;11;26;256923;53060;36;2;47;0
86;Ignite;Flash;Brand;Red;Support;8;1806;10224;1806;7;10209;7;9;69624;12995;53;0;71;1
87;Flash;Teleport;DrMundo;Blue;Top;9;9188;13996;9188;4;12002;4;18;147966;28928;190;2;23;1
88;Teleport;Flash;Veigar;Red;Mid;3;0;0;0;9;7779;3;12;64102;15089;108;0;9;0
89;Heal;Flash;Ashe;Blue;Adc;16;3841;13370;3841;6;10870;0;39;121141;16156;196;2;34;1
90;Flash;Teleport;Galio;Red;Mid;20;3243;8839;3243;6;15149;7;55;189427;36265;248;0;43;0
91;Flash;Heal;Sona;Red;Support;5;1897;3317;1897;4;7121;2;11;15935;10520;17;0;50;0
92;Flash;Smite;Nunu;Red;Jungle;7;0;7671;0;6;7812;1;19;110665;28665;11;0;28;0
93;Smite;Flash;JarvanIV;Red;Jungle;0;526;16896;526;3;7041;1;3;122031;16138;5;0;19;0
94;Ignite;Teleport;Jax;Blue;Top;7;6620;13347;6620;2;11037;4;9;121519;20539;194;2;13;1
95;Flash;Ignite;Braum;Red;Support;15;246;534;246;3;7895;1;30;24225;15219;39;0;76;1
96;Flash;Cleanse;Senna;Red;Adc;8;2605;5667;2605;6;16060;5;43;161253;17105;235;0;23;0
97;Flash;Ignite;Rakan;Red;Support;11;466;466;466;3;5506;2;26;11623;5557;13;0;29;1
98;Flash;Smite;Zed;Blue;Jungle;11;1860;14420;1860;5;12497;7;3;174244;24193;24;1;33;1
99;Teleport;Flash;Gragas;Blue;Top;5;1671;6854;1671;7;13720;5;44;233375;42563;273;1;11;0
100;Flash;Ignite;Karma;Blue;Support;10;777;777;777;9;5611;0;15;11642;12110;14;0;38;1
101;Flash;Smite;Trundle;Blue;Jungle;5;133;20390;133;7;8335;2;23;104619;31011;27;0;23;0
102;Flash;Cleanse;Akshan;Blue;Mid;2;1208;5011;1208;3;7056;2;0;79077;10293;140;0;25;0
103;Flash;Ignite;Alistar;Blue;Support;9;343;343;343;8;9270;4;45;19457;21577;29;0;100;0
104;Flash;Ignite;Karma;Blue;Support;19;2376;5453;2376;9;9917;2;34;43180;19551;26;1;89;1
105;Smite;Flash;Rengar;Blue;Jungle;5;1336;17149;1336;3;7710;7;5;89865;15114;13;1;22;1
106;Flash;Teleport;Yasuo;Red;Top;3;6207;6468;6207;3;9688;3;18;126754;12442;198;2;14;1
107;Flash;Ignite;Thresh;Blue;Support;15;1226;1768;1226;1;6711;1;26;18999;7774;28;1;41;1
108;Smite;Flash;LeeSin;Red;Jungle;5;1023;19475;1023;2;9866;8;16;111244;18479;38;1;19;1
109;Flash;Exhaust;Lulu;Red;Support;7;490;490;490;6;5267;0;19;10935;9758;12;0;38;0
110;Flash;Heal;Twitch;Red;Adc;8;2740;2740;2740;6;8861;6;8;68413;19228;109;2;15;1
111;Ignite;Flash;Nami;Red;Support;17;2983;3872;2983;3;8325;4;16;18784;9145;20;2;34;1
112;Flash;Ignite;Teemo;Blue;Top;1;6523;6715;6523;7;8858;2;23;96304;18050;183;2;17;0
113;Smite;Flash;Fiddlesticks;Blue;Jungle;9;0;6206;0;6;16731;13;44;210317;39733;55;0;65;0
114;Teleport;Flash;Veigar;Red;Mid;7;3217;7760;3217;5;11541;8;29;137980;17426;190;1;13;1
115;Flash;Teleport;Ryze;Blue;Mid;6;2813;10597;2813;3;13353;11;24;185793;16348;184;2;22;1
116;Teleport;Flash;Jayce;Red;Top;4;9949;12963;9949;3;14179;14;7;150046;12260;183;5;22;1
117;Flash;Smite;XinZhao;Blue;Jungle;0;0;7165;0;6;6000;6;11;51433;15391;9;0;16;0
118;Flash;Teleport;Sett;Blue;Top;12;2687;5459;2687;2;8724;5;20;75694;14446;109;0;37;1
119;Flash;Heal;Aphelios;Red;Adc;6;10487;13050;10487;4;11067;4;18;129925;11010;196;2;18;1
120;Flash;Exhaust;Vayne;Red;Adc;5;4447;7016;4447;4;12632;7;15;134754;13732;203;1;22;0
121;Flash;Exhaust;Yone;Red;Adc;9;1711;1902;1711;8;14254;3;13;221420;24922;284;1;32;0
122;Flash;Teleport;Renekton;Red;Top;5;5765;5765;5765;6;12255;6;17;142888;40557;230;2;14;0
123;Flash;Ignite;Pyke;Blue;Support;8;204;1882;204;6;7902;3;16;20770;13543;30;0;63;1
124;Smite;Flash;Kindred;Blue;Jungle;6;678;34442;678;4;8449;4;3;113045;16678;16;1;15;1
125;Teleport;Flash;Sylas;Red;Mid;9;4479;6649;4479;5;13258;8;30;138256;28763;198;2;18;0
126;Flash;Teleport;Vex;Blue;Mid;7;3384;4962;3384;2;10554;4;22;110603;9201;178;1;25;1
127;Flash;Teleport;Corki;Red;Mid;8;7986;16181;7986;8;17169;10;5;195307;21123;212;4;21;1
128;Teleport;Flash;Syndra;Blue;Mid;5;1128;1826;1128;9;8822;4;23;63591;17268;124;0;13;0
129;Flash;Ignite;Brand;Blue;Support;7;261;261;261;9;6249;1;1;37381;13440;44;0;42;0
130;Flash;Ignite;Rell;Blue;Support;10;0;1439;0;10;11065;1;44;35371;41331;45;0;131;0
131;Flash;Heal;Jinx;Red;Adc;2;112;280;112;5;6722;1;8;80341;12661;164;0;9;0
132;Flash;Teleport;TwistedFate;Red;Mid;10;4404;6679;4404;2;11875;3;45;125599;16244;186;3;31;1
133;Flash;Smite;LeeSin;Red;Jungle;9;766;14797;766;3;14186;15;14;151660;32767;29;0;35;1
134;Flash;Heal;Caitlyn;Red;Adc;20;14758;23060;14758;7;14111;5;19;177940;18137;202;4;33;1
135;Flash;Heal;Karma;Red;Support;7;418;1059;418;2;5729;2;12;15789;7424;8;0;43;1
136;Flash;Teleport;Fiora;Blue;Top;10;10773;11909;10773;6;12357;11;16;115850;31202;138;4;13;1
137;Flash;Teleport;Kled;Red;Mid;10;780;780;780;8;10982;8;13;88405;45913;136;0;14;0
138;Flash;Teleport;Syndra;Blue;Mid;9;1827;8603;1827;3;13742;4;26;204510;11190;262;1;42;0
139;Flash;Teleport;Singed;Blue;Top;12;1299;5487;1299;10;10316;3;32;131755;38075;176;0;21;0
140;Flash;Smite;Viego;Blue;Jungle;11;763;27329;763;11;16028;10;35;219484;43413;66;1;65;0
141;Flash;Ignite;Nunu;Blue;Mid;4;0;0;0;4;4640;1;19;42734;12153;68;0;5;0
142;Heal;Flash;Caitlyn;Blue;Adc;10;14131;40631;14131;8;18481;20;12;225318;32319;203;4;31;1
143;Flash;Ignite;TwistedFate;Blue;Mid;10;6800;11937;6800;5;13927;6;50;146172;17289;196;3;25;1
144;Flash;Smite;RekSai;Red;Jungle;9;1451;13293;1451;7;14569;19;29;139737;26125;14;0;32;1
145;Ignite;Ghost;Vladimir;Red;Top;0;4147;4147;4147;3;9690;7;3;106889;16668;155;2;8;1
146;Flash;Teleport;Ziggs;Red;Mid;1;319;319;319;6;4013;0;13;48302;9566;95;0;7;0
147;Flash;Teleport;Ornn;Blue;Top;14;3067;8337;3067;8;11154;2;44;105176;49618;144;1;24;0
148;Flash;Heal;Jinx;Blue;Adc;8;2446;8405;2446;5;9417;4;12;106475;13008;148;0;29;1
149;Flash;Exhaust;Twitch;Blue;Adc;10;2272;5375;2272;6;13545;9;21;137355;18976;170;0;47;0
150;Flash;Teleport;Camille;Blue;Top;4;5504;5504;5504;1;7607;1;16;63193;14808;135;1;9;1
151;Flash;Teleport;Vex;Red;Mid;11;6024;13270;6024;0;13603;12;30;153018;13694;188;2;17;1
152;Flash;Exhaust;Draven;Blue;Adc;7;5305;10908;5305;3;12315;8;9;119017;13897;176;2;17;1
153;Flash;Smite;Viego;Red;Jungle;4;0;8401;0;5;9120;5;11;112328;20901;28;0;30;0
154;Flash;Teleport;Kassadin;Red;Mid;1;2346;2926;2346;4;7919;1;16;78545;21148;181;0;8;0
155;Teleport;Flash;Graves;Red;Top;1;3459;13613;3459;7;10859;1;15;179140;21405;245;2;20;0
156;Smite;Flash;Kayn;Blue;Jungle;4;946;30046;946;5;15326;12;36;229949;54399;58;1;40;0
157;Flash;Teleport;TwistedFate;Red;Mid;5;0;434;0;5;10428;2;33;99151;17740;197;0;18;0
158;Flash;Smite;Viego;Blue;Jungle;5;1956;23113;1956;8;9178;3;11;126468;37649;27;1;37;0
159;Flash;Smite;Viego;Blue;Jungle;6;0;30584;0;7;11639;6;12;161922;37092;48;0;22;0
160;Flash;Ignite;Nautilus;Red;Support;24;934;1939;934;11;10294;2;99;52744;27232;44;0;74;1
161;Flash;Teleport;Jayce;Red;Top;1;651;9057;651;4;7898;1;3;112819;12782;177;0;13;0
162;Ignite;Flash;Leona;Red;Support;18;715;2861;715;5;8372;1;53;23298;18331;40;1;72;1
163;Flash;Ignite;Lux;Blue;Support;9;734;2170;734;15;7245;1;48;28110;19197;19;0;57;0
164;Heal;Flash;Ezreal;Blue;Adc;11;2560;8004;2560;5;12141;4;0;144322;19634;199;2;14;1
165;Flash;Ignite;Nautilus;Blue;Support;1;0;1139;0;7;4033;1;17;13905;12419;25;0;21;0
166;Smite;Ghost;Hecarim;Blue;Jungle;2;0;3740;0;7;8353;6;16;96512;30313;21;0;15;0
167;Ignite;Flash;Pyke;Red;Support;13;1614;2913;1614;7;13496;6;17;30162;26622;35;0;91;1
168;Teleport;Flash;Jayce;Red;Top;4;3901;3901;3901;7;14809;5;7;186267;20654;242;1;22;0
169;Heal;Flash;Ezreal;Blue;Adc;8;7365;21623;7365;1;15629;6;7;217777;20746;233;2;17;1
170;Flash;Ignite;Nidalee;Red;Mid;8;3932;11799;3932;3;8895;2;0;99229;16341;145;3;11;1
171;Flash;Teleport;Akali;Red;Mid;2;0;266;0;5;11590;10;1;114061;23744;190;0;19;0
172;Flash;Heal;Caitlyn;Red;Adc;6;0;0;0;12;6843;2;14;46239;18054;79;0;19;0
173;Cleanse;Flash;Caitlyn;Red;Adc;17;3303;16885;3303;9;19474;12;19;293229;26815;284;2;42;0
174;Smite;Flash;Viego;Red;Jungle;8;835;21650;835;4;11359;8;19;173482;30575;48;0;30;0
175;Teleport;Ignite;TahmKench;Red;Top;12;5538;8998;5538;5;13045;9;37;107320;42103;159;1;23;1
176;Flash;Exhaust;Karthus;Red;Adc;1;215;215;215;5;5787;2;7;55232;7012;115;0;3;0
177;Flash;Ignite;Katarina;Blue;Mid;11;1029;1646;1029;5;12468;11;4;120836;22223;157;1;20;1
178;Exhaust;Flash;Karthus;Blue;Mid;14;145;16623;145;6;10676;5;14;124651;14637;125;1;12;1
179;Flash;Smite;RekSai;Blue;Jungle;1;0;6303;0;3;6073;4;13;72943;12779;10;0;12;0
180;Smite;Flash;Qiyana;Red;Jungle;11;491;16077;491;4;12792;9;23;174694;28202;46;0;22;1
181;Flash;Smite;Zed;Blue;Jungle;11;1421;35191;1421;8;14106;6;8;233123;29519;39;0;31;1
182;Flash;Teleport;Orianna;Red;Mid;8;3595;5520;3595;4;8369;1;13;90138;11903;146;1;15;1
183;Flash;Heal;Jhin;Blue;Adc;4;1833;8019;1833;6;13174;6;17;170379;20277;196;0;17;0
184;Flash;Ignite;Janna;Blue;Support;24;0;3647;0;5;9493;2;43;30938;17267;28;0;85;0
185;Flash;Teleport;Akshan;Blue;Top;9;3723;8614;3723;9;12275;10;2;111381;27825;126;3;26;1
186;Flash;Exhaust;Lucian;Red;Adc;8;2936;11763;2936;3;7838;4;1;82350;10271;122;2;12;1
187;Smite;Flash;Kindred;Blue;Jungle;8;898;35307;898;5;13987;12;9;201561;23916;42;1;39;0
188;Flash;Teleport;Yone;Blue;Top;8;4764;8576;4764;3;10871;8;20;126658;16969;177;1;22;1
189;Ignite;Flash;Jax;Red;Top;4;6151;11220;6151;2;10331;6;7;113854;14181;149;2;8;1
190;Ignite;Teleport;Rumble;Red;Top;10;2325;7427;2325;10;16470;9;20;232572;28114;261;1;26;0
191;Teleport;Flash;Renekton;Red;Top;3;3022;4500;3022;6;8774;3;20;93588;29514;167;1;10;0
192;Flash;Teleport;Fiora;Red;Top;7;16180;22008;16180;8;20031;19;20;210099;53049;196;4;32;1
193;Flash;Teleport;Graves;Red;Top;10;5288;14834;5288;3;10012;4;9;106512;13239;144;3;12;1
194;Flash;Smite;Qiyana;Red;Jungle;10;1309;49950;1309;7;16209;11;23;236106;35864;44;2;31;1
195;Flash;Teleport;Fiora;Red;Top;0;0;822;0;5;4086;0;2;29174;13255;81;0;8;0
196;Teleport;Flash;Leblanc;Red;Mid;4;1696;1777;1696;8;9575;3;15;90412;20729;166;0;20;0
197;Flash;Exhaust;Rakan;Blue;Support;18;0;394;0;5;9066;2;37;25444;16412;41;0;89;1
198;Flash;Heal;Jinx;Blue;Adc;0;3042;3042;3042;4;10719;7;7;119742;17080;199;1;18;0
199;Flash;Exhaust;Ezreal;Blue;Adc;19;11644;26551;11644;3;17799;14;17;210523;22803;208;5;13;1
200;Cleanse;Flash;Vayne;Red;Adc;2;3648;3648;3648;7;8866;3;4;89061;17068;163;1;16;0
201;Flash;Teleport;Gangplank;Blue;Top;10;3179;10108;3179;12;16849;4;11;282726;28690;252;1;35;0
202;Teleport;Ignite;Camille;Red;Top;3;958;5470;958;12;11834;1;19;192813;43680;241;0;18;0
203;Smite;Flash;Trundle;Red;Jungle;6;0;3625;0;7;9113;5;29;86342;36985;25;0;37;0
204;Teleport;Flash;Syndra;Red;Mid;3;1483;1483;1483;6;10398;6;30;134761;15614;202;0;26;0
205;Flash;Teleport;Viktor;Blue;Mid;10;7375;16546;7375;4;16771;9;24;225939;13445;236;5;27;1
206;Flash;Exhaust;Twitch;Red;Adc;10;10115;12762;10115;9;17293;15;13;203682;23013;213;5;36;0
207;Ignite;Flash;Rakan;Blue;Support;18;767;3422;767;10;9742;0;54;29656;35438;35;0;122;0
208;Flash;Teleport;Syndra;Blue;Mid;4;330;607;330;4;7670;0;27;91006;11398;189;0;16;0
209;Cleanse;Flash;Jinx;Blue;Adc;6;17035;31195;17035;5;18987;14;11;293600;18587;290;6;37;1
210;Teleport;Flash;Graves;Red;Top;2;2573;4459;2573;5;7593;3;6;76492;10457;127;1;17;0
211;Flash;Exhaust;Soraka;Red;Support;23;1289;3069;1289;4;7289;1;27;13493;8088;6;1;44;1
212;Exhaust;Ignite;Yuumi;Red;Support;3;521;521;521;3;4958;1;11;8042;6463;2;0;33;0
213;Flash;Heal;Caitlyn;Blue;Adc;13;15678;26468;15678;7;16939;12;29;262140;20796;263;3;20;1
214;Smite;Flash;Kayn;Red;Jungle;4;1117;13905;1117;9;11013;3;27;177434;41181;43;1;19;0
215;Flash;Heal;Lulu;Red;Support;21;974;2260;974;4;8553;1;24;11573;10603;8;0;80;1
216;Smite;Flash;Qiyana;Blue;Jungle;4;0;7346;0;5;7641;2;16;145488;20936;7;0;20;0
217;Flash;Smite;JarvanIV;Red;Jungle;17;1687;21074;1687;4;13397;5;17;184411;37951;54;2;30;1
218;Flash;Teleport;Ziggs;Blue;Adc;9;19665;20431;19665;3;10699;7;11;123192;8057;140;4;9;1
219;Flash;Ignite;Bard;Red;Support;9;228;228;228;6;5794;1;17;10713;13353;15;0;30;0
220;Ignite;Teleport;MonkeyKing;Blue;Top;3;380;380;380;4;6546;2;6;50778;16119;123;0;12;0
221;Exhaust;Flash;Ezreal;Blue;Adc;1;0;0;0;3;6047;3;1;51535;5648;125;0;9;0
222;Flash;Ignite;Lux;Blue;Support;20;7787;7787;7787;5;9803;1;28;48896;8386;42;2;59;1
223;Flash;Ignite;Lulu;Red;Support;17;1278;4499;1278;1;7163;1;19;17511;4056;11;1;54;1
224;Flash;Exhaust;Karthus;Red;Adc;8;2918;5333;2918;9;14206;8;22;193569;20176;245;1;25;0
225;Flash;Ignite;Bard;Blue;Support;8;151;1384;151;10;8441;2;23;14312;26018;17;0;78;0
226;Smite;Flash;Ekko;Red;Jungle;6;2145;18041;2145;7;11556;4;13;206731;34760;72;0;33;0
227;Flash;Teleport;Senna;Red;Top;18;1254;2245;1254;8;8381;2;14;51377;25372;86;0;10;1
228;Flash;Teleport;Viktor;Blue;Top;3;693;2341;693;3;13373;3;11;200142;13713;274;1;48;0
229;Smite;Flash;Evelynn;Blue;Jungle;9;437;11188;437;1;11305;13;8;119548;17840;20;2;18;1
230;Smite;Flash;Kindred;Blue;Jungle;7;0;27612;0;10;9832;5;13;126412;23638;20;1;39;0
231;Flash;Teleport;Ziggs;Blue;Adc;3;543;2754;543;4;9014;4;11;106757;10049;168;0;11;0
232;Smite;Flash;LeeSin;Blue;Jungle;4;289;25878;289;5;13677;12;21;157931;37486;20;0;46;1
233;Flash;Teleport;Vex;Red;Mid;9;1480;1480;1480;7;8546;2;33;85068;16891;144;0;17;0
234;Flash;Smite;XinZhao;Red;Jungle;15;270;11599;270;5;13512;3;25;182893;52473;45;0;36;1
235;Flash;Teleport;Camille;Blue;Top;3;0;0;0;6;8922;7;20;63824;13210;117;0;11;0
236;Flash;Heal;Aphelios;Blue;Adc;2;5245;14455;5245;2;13031;9;21;171651;16083;204;2;22;1
237;Smite;Flash;Kayn;Blue;Jungle;0;0;1704;0;5;4212;0;6;55202;15128;5;0;15;0
238;Smite;Flash;Viego;Blue;Jungle;10;2914;66633;2914;7;22292;20;25;305356;55607;111;3;53;0
239;Flash;Cleanse;Jhin;Red;Adc;5;2381;5684;2381;6;15292;9;21;200162;18949;270;1;19;0
240;Flash;Teleport;Corki;Red;Mid;4;861;4036;861;5;11580;9;3;122014;12955;177;0;18;1
241;Flash;Ignite;Gragas;Red;Mid;4;2281;5496;2281;3;8830;5;18;103014;12521;172;1;16;1
242;Flash;Teleport;Volibear;Blue;Top;4;7703;15301;7703;6;10869;3;22;146197;21988;165;3;17;1
243;Flash;Heal;Varus;Red;Adc;5;1651;9361;1651;1;9092;8;14;72230;8702;121;2;23;1
244;Flash;Heal;Caitlyn;Red;Adc;5;4195;5207;4195;5;12484;3;12;162844;15085;229;1;21;0
245;Flash;Ignite;Jax;Blue;Top;1;6582;6582;6582;1;10276;5;3;108183;6961;157;2;10;1
246;Heal;Flash;Morgana;Red;Support;21;0;761;0;14;10119;2;40;43592;35164;33;0;83;0
247;Flash;Exhaust;Senna;Blue;Support;13;5039;5039;5039;3;9748;8;12;36498;9243;21;2;37;1
248;Smite;Flash;Gragas;Blue;Jungle;13;0;21872;0;1;9065;5;25;98818;19770;25;2;28;1
249;Flash;Teleport;Vex;Red;Adc;10;1955;7701;1955;6;11198;6;23;118064;18957;175;3;28;1
250;Flash;Teleport;Sett;Blue;Top;10;8093;15729;8093;6;17986;11;27;235766;42310;266;3;25;1
251;Flash;Heal;Xerath;Red;Support;3;0;1994;0;4;6682;2;26;20861;8520;16;0;49;1
252;Ignite;Flash;Nami;Red;Support;27;1002;1863;1002;9;10011;3;26;16044;20963;10;1;75;1
253;Flash;Heal;MissFortune;Blue;Adc;3;448;1920;448;6;11739;7;8;137257;20259;207;0;28;0
254;Flash;Teleport;Jax;Red;Top;7;1063;1273;1063;3;11288;5;13;95195;20106;174;1;21;0
255;Ignite;Teleport;Camille;Red;Top;4;7838;8871;7838;3;10318;8;12;83104;18066;138;3;7;1
256;Ignite;Flash;Singed;Blue;Top;8;1341;2110;1341;5;11708;2;22;143347;24455;211;2;33;1
257;Ignite;Teleport;Camille;Red;Top;5;2544;4521;2544;5;7957;1;15;64815;16252;164;1;21;1
258;Flash;Teleport;Irelia;Red;Top;1;432;3095;432;9;7525;1;9;106801;22930;167;1;13;0
259;Smite;Flash;Fiddlesticks;Red;Jungle;7;0;13733;0;7;7462;4;24;94129;23638;15;0;48;0
260;Smite;Ghost;Rammus;Red;Jungle;12;466;8525;466;10;11125;4;49;138398;38284;55;0;36;0
261;Heal;Ignite;Yuumi;Blue;Support;9;73;73;73;5;4555;0;11;7145;7728;3;0;29;0
262;Flash;Exhaust;Yasuo;Blue;Adc;9;7939;16894;7939;6;17254;7;28;268381;29121;300;4;37;1
263;Flash;Teleport;Veigar;Red;Adc;2;3923;3923;3923;1;8341;5;10;68174;6918;143;1;17;1
264;Ignite;Flash;Shen;Red;Top;11;695;2020;695;2;6876;1;21;64185;11391;117;0;21;1
265;Ignite;Flash;Pyke;Red;Support;3;167;167;167;2;6374;4;16;14712;8698;27;0;39;1
266;Flash;Ignite;Pyke;Blue;Support;10;404;935;404;8;9464;3;18;18643;14569;27;0;37;1
267;Flash;Smite;LeeSin;Red;Jungle;2;589;10944;589;5;5939;2;6;88524;19262;13;1;11;0
268;Ignite;Flash;Pyke;Red;Support;13;1614;2913;1614;7;13496;6;17;30162;26622;35;0;91;1
269;Smite;Flash;Viego;Blue;Jungle;3;1687;14911;1687;7;7968;4;11;113550;27308;19;1;8;0
270;Flash;Smite;LeeSin;Blue;Jungle;9;441;29605;441;2;9685;5;16;131871;23754;29;2;20;1
271;Heal;Flash;Jhin;Red;Adc;14;2470;7671;2470;7;15676;13;21;219191;19958;232;0;24;0
272;Flash;Smite;Kindred;Blue;Jungle;16;5353;50211;5353;17;19999;16;19;299833;50974;105;4;41;1
273;Flash;Exhaust;Senna;Blue;Support;21;2529;2529;2529;10;12889;8;35;54138;19352;25;0;68;0
274;Flash;Ignite;Rell;Red;Support;7;0;0;0;4;5025;0;27;12367;8359;24;0;42;0
275;Flash;Ignite;Neeko;Blue;Support;12;2202;2740;2202;5;10692;2;59;33508;21592;26;1;117;0
276;Ignite;Smite;Talon;Red;Jungle;6;583;25536;583;8;13844;7;4;206995;34749;43;0;39;0
277;Flash;Teleport;Karma;Blue;Top;10;1846;1846;1846;9;8027;0;42;79958;26067;111;1;15;1
278;Flash;Ignite;Braum;Red;Support;12;279;489;279;4;6518;1;30;18775;15235;31;0;48;0
279;Exhaust;Flash;Jhin;Blue;Adc;8;4665;7599;4665;4;17078;11;35;253991;21074;301;1;44;0
280;Smite;Flash;Nocturne;Red;Jungle;2;49;5943;49;6;8417;5;97;122258;19480;33;0;9;0
281;Flash;Exhaust;Bard;Blue;Support;25;785;2353;785;5;10489;2;75;26241;25329;37;0;138;0
282;Flash;Smite;LeeSin;Blue;Jungle;5;1168;16449;1168;5;8841;6;14;106125;24510;8;0;18;0
283;Smite;Flash;Viego;Blue;Jungle;10;1006;16922;1006;2;12827;16;15;137678;20853;24;2;21;1
284;Flash;Teleport;Vayne;Red;Mid;7;4596;10101;4596;2;9829;5;5;94212;12432;157;1;18;1
285;Flash;Teleport;Kassadin;Red;Mid;5;3113;5159;3113;5;12873;10;15;111239;18433;174;1;11;0
286;Exhaust;Flash;Sona;Blue;Support;9;715;2668;715;4;6095;1;4;14808;7130;16;0;56;1
287;Flash;Teleport;Viktor;Red;Mid;0;1246;2620;1246;4;8900;3;4;91458;11595;160;0;16;0
288;Flash;Teleport;Yone;Red;Mid;4;4296;4848;4296;10;9239;5;19;98763;22870;151;1;15;0
289;Flash;Teleport;Singed;Red;Mid;18;4079;23416;4079;8;16619;12;39;185616;39881;168;2;19;1
290;Smite;Flash;Zed;Red;Jungle;3;0;2068;0;7;7097;3;6;75711;17512;23;0;7;0
291;Exhaust;Flash;Samira;Red;Adc;6;4098;4098;4098;6;11494;5;2;129006;19001;201;1;10;0
292;Smite;Flash;LeeSin;Blue;Jungle;13;929;37333;929;2;13205;15;16;125378;18442;12;1;38;1
293;Teleport;Flash;Viktor;Red;Adc;17;4506;5895;4506;10;13776;4;38;171139;24189;182;2;19;1
294;Flash;Ignite;Gragas;Blue;Mid;3;3588;3588;3588;0;7107;4;8;56891;7214;113;2;7;1
295;Flash;Smite;Kindred;Blue;Jungle;13;4432;14056;4432;4;14413;18;9;162377;22688;59;2;36;1
296;Teleport;Flash;Singed;Red;Top;4;3416;4202;3416;7;7439;1;21;79849;16748;126;1;14;1
297;Flash;Teleport;Camille;Blue;Top;5;4281;5548;4281;9;9959;3;20;104111;31402;160;1;13;1
298;Ignite;Smite;Talon;Red;Jungle;8;0;14892;0;6;10169;6;4;164495;24743;29;0;31;0
299;Ignite;Heal;Yuumi;Blue;Support;25;812;1064;812;8;9970;2;20;17548;17912;14;0;83;1
300;Heal;Flash;Jinx;Red;Adc;4;2221;2221;2221;4;6328;3;8;57805;8855;128;0;6;1
301;Flash;Teleport;TwistedFate;Red;Mid;10;4406;10263;4406;5;10049;1;39;111589;18187;178;3;17;1
302;Flash;Smite;Zed;Red;Jungle;12;3213;27822;3213;4;13615;12;5;187160;30835;33;2;36;1
303;Flash;Heal;Jinx;Blue;Adc;4;4400;4972;4400;3;9399;2;13;100990;9917;183;3;21;1
304;Teleport;Flash;Illaoi;Blue;Top;11;5403;9023;5403;10;15695;5;6;241968;53506;236;5;37;1
305;Flash;Smite;Kindred;Red;Jungle;8;6647;41606;6647;1;10865;8;5;129340;21460;42;3;25;1
306;Flash;Teleport;Fiora;Red;Top;4;1742;1893;1742;11;8182;0;9;85328;29576;171;0;14;0
307;Flash;Ignite;Blitzcrank;Blue;Support;22;2953;2953;2953;6;9687;2;44;28101;28312;32;2;57;0
308;Flash;Exhaust;Kaisa;Red;Adc;5;4112;19448;4112;7;12435;6;3;139462;17489;224;2;27;0
309;Smite;Flash;Nunu;Red;Jungle;23;1634;34735;1634;3;16950;12;39;168955;52292;57;1;27;1
310;Flash;Ignite;Yone;Red;Mid;1;0;1847;0;7;6547;2;10;78561;15873;138;0;9;0
311;Teleport;Flash;Riven;Red;Top;2;0;0;0;9;6637;2;15;41330;17591;118;0;12;0
312;Teleport;Flash;Xerath;Blue;Adc;7;657;1015;657;2;6351;0;12;64004;4830;131;0;14;1
313;Ignite;Flash;Lulu;Red;Support;28;1630;3105;1630;5;9812;2;30;17474;13611;16;0;59;1
314;Flash;Teleport;Fiora;Red;Top;5;6742;9609;6742;5;12821;9;13;114987;38468;164;1;16;1
315;Flash;Teleport;Cassiopeia;Red;Mid;6;703;9714;703;2;8553;6;8;92128;8523;154;1;19;1
316;Flash;Smite;Nidalee;Blue;Jungle;11;0;3035;0;9;8569;2;3;119671;28426;25;0;18;0
317;Heal;Flash;Ezreal;Blue;Adc;4;400;2763;400;8;10937;8;0;128593;25864;187;0;18;0
318;Ignite;Flash;Akshan;Blue;Mid;8;2464;2464;2464;9;15715;16;7;104524;26333;154;2;16;1
319;Exhaust;Flash;Lucian;Red;Adc;4;145;3367;145;6;10661;3;2;137116;16146;226;0;37;0
320;Flash;Ignite;Zilean;Red;Support;0;0;0;0;1;4024;2;6;5401;4180;14;0;18;0
321;Flash;Teleport;Sylas;Blue;Mid;7;5830;5995;5830;4;12098;5;23;130670;24327;205;1;13;0
322;Ignite;Flash;Yasuo;Blue;Mid;7;290;5283;290;9;12083;5;20;176078;28181;215;0;29;0
323;Flash;Heal;Ezreal;Red;Adc;5;0;5488;0;9;7172;2;0;61261;15190;126;0;15;0
324;Flash;Teleport;Syndra;Blue;Mid;3;5292;8245;5292;5;12654;10;30;124982;14721;201;1;26;1
325;Flash;Smite;Khazix;Red;Jungle;7;3118;48477;3118;2;11991;7;7;164805;24758;34;2;20;1
326;Flash;Smite;Qiyana;Blue;Jungle;2;0;9129;0;10;7668;4;13;106450;23687;11;0;23;0
327;Flash;Smite;Ivern;Red;Jungle;19;3134;20459;3134;0;10236;3;37;264817;5763;37;1;39;1
328;Ignite;Flash;Rell;Blue;Support;12;180;996;180;5;7314;2;55;18370;14314;27;0;69;0
329;Teleport;Ignite;Camille;Red;Mid;6;9443;22340;9443;3;12030;4;16;112522;16860;176;4;13;1
330;Teleport;Flash;Veigar;Blue;Adc;4;4411;6521;4411;6;11281;10;24;113066;12931;162;3;28;1
331;Ignite;Teleport;Camille;Red;Top;5;593;593;593;5;8709;6;16;85138;18990;147;1;18;1
332;Flash;Teleport;Galio;Blue;Mid;17;1086;4252;1086;11;13326;8;37;124414;34140;142;0;34;1
333;Flash;Heal;Nami;Blue;Support;3;2430;2689;2430;1;6588;2;24;18309;5470;13;0;41;0
334;Teleport;Flash;Poppy;Red;Top;3;4824;9547;4824;4;9488;2;18;116005;22440;166;1;17;1
335;Smite;Flash;Ivern;Red;Jungle;17;1489;30981;1489;2;12774;2;53;499423;19177;16;2;33;1
336;Flash;Teleport;Sion;Red;Top;4;1398;5662;1398;3;8639;1;10;102446;16046;163;1;12;1
337;Teleport;Flash;TwistedFate;Blue;Mid;15;1497;3909;1497;5;8066;2;22;90983;13110;124;1;25;1
338;Flash;Ignite;Lulu;Blue;Support;1;0;304;0;3;6249;3;23;12038;6029;9;0;53;0
339;Flash;Smite;Ivern;Red;Jungle;11;38;24847;38;4;8123;0;23;324824;14886;33;0;33;0
340;Ignite;Smite;Talon;Blue;Jungle;2;897;8964;897;7;12102;6;4;199912;27525;25;0;35;0
341;Flash;Teleport;Leblanc;Blue;Mid;2;0;59;0;4;10369;10;9;70788;15071;131;0;25;0
342;Exhaust;Flash;Aphelios;Blue;Adc;7;10142;15499;10142;3;10535;4;13;131614;13437;167;6;28;1
343;Flash;Heal;Varus;Red;Adc;5;1243;6476;1243;1;9129;4;10;104317;8457;181;2;17;1
344;Barrier;Flash;Velkoz;Blue;Mid;10;2122;2122;2122;2;9280;2;15;106977;7696;180;1;10;1
345;Flash;Exhaust;Lucian;Red;Adc;1;5939;15256;5939;6;12529;7;0;143613;15079;221;1;24;0
346;Flash;Smite;LeeSin;Red;Jungle;6;1781;15916;1781;6;13898;14;28;160019;39531;50;1;22;0
347;Smite;Ghost;Gwen;Blue;Jungle;4;1545;2715;1545;8;11825;9;6;102406;26131;63;0;20;0
348;Flash;Heal;Lucian;Blue;Adc;4;0;0;0;10;8015;0;0;85141;16114;194;0;17;0
349;Teleport;Ignite;Katarina;Blue;Mid;8;6158;8556;6158;4;14686;16;2;159810;23896;201;2;22;1
350;Flash;Teleport;Galio;Red;Mid;13;1602;2555;1602;8;8979;7;36;73574;22812;112;0;17;0
351;Ignite;Flash;Rumble;Red;Mid;7;0;0;0;9;9276;7;10;98946;19525;157;0;17;0
352;Flash;Heal;Soraka;Blue;Support;28;1671;2605;1671;5;8055;0;30;13900;15535;8;0;54;1
353;Flash;Exhaust;Karthus;Blue;Adc;10;3563;3563;3563;7;12863;9;18;135362;12646;197;0;11;1
354;Ignite;Flash;Nami;Red;Support;12;875;3169;875;10;6852;1;25;13291;14968;14;1;67;0
355;Ignite;Teleport;Camille;Blue;Top;7;2563;4382;2563;5;9974;5;17;87830;25101;155;1;19;0
356;Ignite;Flash;Yasuo;Red;Mid;3;679;5974;679;10;10939;5;28;144014;25258;185;0;33;0
357;Flash;Smite;Graves;Red;Jungle;0;0;8776;0;3;8236;3;10;120212;10412;36;0;14;0
358;Flash;Teleport;Leblanc;Blue;Mid;3;770;770;770;3;7278;3;5;52838;11029;131;0;21;1
359;Smite;Flash;Nidalee;Blue;Jungle;2;0;12317;0;2;5067;1;0;63093;10272;5;0;15;0
360;Flash;Cleanse;Lucian;Blue;Adc;8;6337;15340;6337;4;13217;7;1;188990;19717;225;3;35;1
361;Ignite;Smite;Talon;Red;Jungle;4;545;24558;545;1;12172;11;4;175332;24501;29;1;18;1
362;Teleport;Ignite;Katarina;Blue;Mid;16;1859;5707;1859;6;13789;8;0;150081;34444;189;0;20;1
363;Ignite;Flash;Sona;Red;Support;7;613;613;613;6;7000;2;8;16395;16736;21;0;52;0
364;Teleport;Ignite;JarvanIV;Blue;Top;4;2458;6585;2458;6;9899;7;18;87655;29451;137;1;20;0
365;Flash;Exhaust;Lulu;Blue;Support;17;750;1902;750;2;8106;2;22;16078;7768;10;1;56;1
366;Flash;Teleport;Seraphine;Red;Adc;7;1542;1651;1542;2;10812;4;25;135980;8640;196;0;12;0
367;Flash;Teleport;Irelia;Red;Mid;7;3961;4354;3961;10;10519;7;19;115753;32294;163;1;25;0
368;Flash;Teleport;Irelia;Red;Top;11;2259;2259;2259;5;11655;6;18;128980;24220;181;1;26;0
369;Ignite;Flash;Rakan;Red;Support;4;0;0;0;8;7080;2;24;15033;20087;48;0;72;0
370;Flash;Teleport;Irelia;Red;Top;5;1817;6827;1817;6;11354;1;6;166407;33025;253;1;18;0
371;Flash;Heal;Lulu;Red;Support;17;557;2721;557;1;6857;2;7;18738;7606;11;0;29;1
372;Flash;Heal;Lux;Blue;Adc;12;4587;4587;4587;4;11226;4;51;152840;13000;212;1;23;0
373;Flash;Heal;Sivir;Blue;Adc;3;1936;6621;1936;1;13348;4;4;204744;11020;288;1;31;0
374;Ignite;Flash;Leona;Red;Support;6;0;0;0;6;5187;1;23;16370;15451;31;0;36;0
375;Flash;Smite;Nunu;Red;Jungle;10;2255;24682;2255;7;12203;7;23;177260;32981;50;1;37;1
376;Flash;Ignite;Poppy;Blue;Support;17;1717;2830;1717;4;11074;7;52;37542;28494;52;2;83;1
377;Flash;Teleport;Mordekaiser;Blue;Top;4;1779;9617;1779;4;13953;11;6;154501;33251;167;0;34;1
378;Flash;Ignite;Lulu;Red;Support;17;1301;2537;1301;3;8555;4;33;14991;8268;7;1;36;1
379;Ignite;Flash;Singed;Blue;Top;4;3849;7383;3849;4;9941;1;16;122681;22936;173;1;45;1
380;Flash;Teleport;Renekton;Blue;Top;6;2279;6679;2279;9;9333;2;14;109673;33223;162;1;21;0
381;Flash;Teleport;Fiora;Red;Top;6;2432;2432;2432;6;9388;6;11;80299;25691;130;0;16;1
382;Flash;Ignite;Thresh;Blue;Support;17;351;450;351;10;8499;0;31;19446;20976;34;0;81;1
383;Teleport;Flash;Singed;Red;Top;8;835;12786;835;5;9347;6;21;108799;19597;140;0;21;0
384;Flash;Teleport;Sylas;Blue;Mid;9;1443;2298;1443;9;10609;8;31;96550;30417;124;0;27;0
385;Flash;Teleport;Renekton;Red;Top;5;3598;11112;3598;15;16174;5;16;237371;69653;296;2;34;0
386;Flash;Smite;Trundle;Red;Jungle;8;2536;12559;2536;5;9708;4;23;112797;40953;31;0;36;0
387;Flash;Ghost;Vladimir;Blue;Adc;7;3649;11219;3649;2;11937;7;2;139779;21264;215;1;24;1
388;Ignite;Flash;Thresh;Blue;Support;10;0;856;0;3;6374;1;30;18906;13435;35;0;38;0
389;Ignite;Flash;Vex;Red;Support;12;782;10511;782;5;9005;3;30;34232;13636;25;0;80;1
390;Flash;Ignite;Brand;Blue;Support;2;544;544;544;11;6626;4;12;32639;14974;32;0;54;0
391;Flash;Heal;Aphelios;Blue;Adc;15;10706;15388;10706;5;14390;10;17;172941;12806;201;5;7;1
392;Ignite;Flash;AurelionSol;Blue;Mid;3;0;3419;0;4;9501;3;17;111136;15828;199;0;18;0
393;Flash;Ignite;Rakan;Blue;Support;12;76;76;76;8;8308;1;20;16795;29246;32;0;80;0
394;Flash;Ignite;Zoe;Blue;Mid;9;2294;6978;2294;5;13466;7;58;181801;21986;217;0;39;1
395;Ignite;Flash;Rakan;Blue;Support;4;328;912;328;8;6302;3;18;17839;17257;32;0;46;0
396;Exhaust;Flash;Lucian;Red;Adc;7;10857;18605;10857;6;17270;9;2;267697;22998;326;5;41;1
397;Ignite;Teleport;Leblanc;Red;Mid;1;216;216;216;7;7021;2;11;59520;19490;123;0;12;0
398;Ignite;Flash;Karma;Blue;Support;11;962;4587;962;2;7695;6;14;19564;8310;4;0;50;1
399;Teleport;Flash;Kassadin;Blue;Mid;5;2191;2191;2191;7;9837;6;9;98154;19774;148;1;16;0
400;Heal;Ignite;Yuumi;Red;Support;15;108;321;108;7;6940;1;10;16587;11272;5;0;66;0
401;Flash;Teleport;Sylas;Red;Mid;5;0;0;0;2;6115;5;18;48280;11144;94;0;10;1
402;Flash;Ignite;Rakan;Blue;Support;19;408;1733;408;9;9272;2;28;15054;20196;20;0;95;1
403;Smite;Flash;Viego;Blue;Jungle;4;1968;30368;1968;7;11532;9;14;127737;19054;30;2;19;1
404;Flash;Teleport;Aatrox;Red;Top;3;0;0;0;5;4444;1;12;38940;12290;83;0;7;0
405;Flash;Smite;Nunu;Red;Jungle;18;0;17185;0;12;13072;3;36;202700;37546;55;0;39;0
406;Heal;Flash;KogMaw;Red;Adc;9;4587;29199;4587;9;16190;6;3;262167;27969;250;1;32;1
407;Teleport;Flash;Jayce;Blue;Top;3;3583;8876;3583;11;12060;7;10;135198;25474;154;1;22;0
408;Ignite;Teleport;Gwen;Blue;Top;1;925;925;925;11;8455;4;5;95696;29642;149;0;18;0
409;Smite;Flash;Qiyana;Blue;Jungle;8;622;20819;622;5;10250;7;13;126801;20512;32;2;32;1
410;Flash;Smite;XinZhao;Red;Jungle;8;2497;17639;2497;7;13424;6;16;165436;39890;77;0;48;1
411;Ignite;Teleport;Camille;Red;Top;3;5553;6221;5553;1;7780;5;7;64396;11880;125;1;15;1
412;Flash;Exhaust;Yasuo;Red;Adc;7;9880;10186;9880;1;9850;7;14;102266;9898;121;3;15;1
413;Flash;Teleport;Ziggs;Red;Adc;3;7354;11614;7354;6;8221;0;11;120468;14723;188;1;11;0
414;Flash;Smite;Viego;Blue;Jungle;3;0;22267;0;4;10088;5;15;136266;21779;21;0;23;0
415;Flash;Smite;LeeSin;Blue;Jungle;2;0;9717;0;5;6249;0;8;98009;21971;14;0;19;0
416;Flash;Smite;LeeSin;Blue;Jungle;13;407;18807;407;2;7980;3;14;103105;17455;13;2;20;1
417;Flash;Exhaust;Aphelios;Red;Adc;3;5450;10712;5450;5;8043;6;4;68039;8918;125;0;11;1
418;Flash;Teleport;Sylas;Blue;Mid;6;5757;10751;5757;3;12302;10;25;110687;23939;161;3;26;1
419;Ignite;Teleport;Camille;Blue;Top;5;997;997;997;1;6637;3;12;52200;15047;122;0;13;0
420;Teleport;Flash;Graves;Red;Top;9;4521;11602;4521;10;11556;4;10;167203;29447;175;2;31;0
421;Flash;Teleport;Zoe;Blue;Mid;12;7091;15947;7091;3;10958;6;28;113526;14001;162;3;19;1
422;Ignite;Flash;Lulu;Red;Support;9;97;3741;97;6;9527;8;31;17264;15256;22;0;79;0
423;Flash;Exhaust;Kaisa;Red;Adc;7;0;8862;0;10;9374;3;5;104038;18763;185;0;26;0
424;Ignite;Flash;Zilean;Red;Support;6;148;148;148;9;5732;0;11;15223;19309;25;0;50;0
425;Heal;Flash;Lux;Red;Support;14;2420;3095;2420;5;9816;3;62;47575;9025;24;2;84;1
426;Smite;Flash;Kayn;Blue;Jungle;11;159;28452;159;8;19801;23;17;182978;43622;25;0;29;0
427;Smite;Ghost;Hecarim;Blue;Jungle;13;4940;22984;4940;4;12292;6;19;144212;26720;41;4;23;1
428;Teleport;Flash;Seraphine;Blue;Adc;6;183;392;183;7;7502;1;15;72223;14115;139;0;15;0
429;Teleport;Flash;Kayle;Red;Mid;7;5518;23180;5518;5;15227;6;6;199838;29078;265;3;22;1
430;Ignite;Ghost;Vladimir;Blue;Top;1;3793;3793;3793;10;8091;1;3;87050;23496;156;1;16;0
431;Teleport;Flash;Lucian;Blue;Top;5;84;84;84;7;8019;0;0;101156;14579;178;0;15;0
432;Teleport;Flash;Zilean;Red;Top;11;0;2381;0;6;9414;5;26;80465;17810;114;0;22;1
433;Heal;Flash;Kaisa;Blue;Adc;4;1888;9019;1888;8;13527;6;0;139971;19506;229;1;43;0
434;Smite;Flash;LeeSin;Red;Jungle;9;942;14107;942;4;11512;10;18;111954;25614;31;2;24;0
435;Smite;Flash;LeeSin;Red;Jungle;23;1778;45408;1778;5;20920;12;36;274870;72571;112;0;66;0
436;Exhaust;Heal;Yuumi;Blue;Support;22;3231;4573;3231;5;9645;3;24;22803;11028;2;0;70;1
437;Smite;Ghost;Hecarim;Blue;Jungle;6;2222;17589;2222;6;13073;12;22;165199;37141;20;0;25;1
438;Smite;Flash;Qiyana;Red;Jungle;10;0;30456;0;5;17409;19;30;215010;38157;32;0;84;1
439;Ignite;Flash;Rakan;Red;Support;28;632;1448;632;7;9335;3;30;23938;19349;38;1;68;1
440;Ignite;Flash;Leona;Red;Support;13;80;1015;80;11;9330;1;84;21799;36394;34;0;93;0
441;Flash;Exhaust;Yasuo;Blue;Adc;1;786;1085;786;7;8974;5;24;100970;14195;151;0;12;0
442;Flash;Smite;XinZhao;Red;Jungle;8;4506;26996;4506;3;9856;9;15;102962;18689;18;3;28;1
443;Flash;Smite;Gragas;Red;Jungle;7;1786;27788;1786;2;9983;5;22;139953;24088;21;0;37;1
444;Ignite;Smite;Talon;Blue;Jungle;11;457;19651;457;7;11408;4;3;167867;28642;35;0;38;1
445;Ignite;Flash;Rakan;Blue;Support;17;1279;1620;1279;1;7743;3;11;10260;7798;17;0;78;1
446;Flash;Smite;Trundle;Red;Jungle;16;4738;19747;4738;3;11126;6;15;104115;35480;20;2;28;1
447;Teleport;Flash;Fiora;Blue;Top;3;3283;3283;3283;6;12576;3;5;183469;37408;265;2;50;0
448;Flash;Heal;Aphelios;Blue;Adc;9;12226;12226;12226;2;14884;16;15;154463;21219;201;3;14;1
449;Smite;Ghost;Hecarim;Blue;Jungle;7;1202;31437;1202;7;12300;9;18;170298;35048;22;1;27;1
450;Flash;Teleport;Camille;Blue;Top;8;1486;1486;1486;7;9267;2;25;109424;30071;180;0;13;0
451;Flash;Ignite;Akshan;Blue;Top;4;2627;2627;2627;1;8672;5;0;72266;6442;144;2;13;1
452;Flash;Teleport;Irelia;Blue;Top;5;1824;6246;1824;5;9111;1;6;112342;15535;185;1;11;1
453;Flash;Teleport;Azir;Blue;Mid;8;3003;6122;3003;6;10601;5;10;98214;14272;151;1;17;1
454;Flash;Heal;Ezreal;Blue;Adc;6;1516;20298;1516;7;13656;6;5;180769;25689;194;1;28;0
455;Ignite;Flash;Nautilus;Red;Support;8;515;515;515;6;8286;4;51;26211;19224;36;1;77;1
456;Flash;Teleport;Sett;Blue;Top;5;6221;8848;6221;6;12368;4;25;141326;39597;179;2;31;0
457;Ghost;Smite;Hecarim;Red;Jungle;13;3491;27954;3491;2;16921;18;32;230857;46988;51;2;17;1
458;Flash;Ignite;Galio;Blue;Mid;10;1068;1068;1068;13;9966;5;34;102281;34189;146;0;23;0
459;Flash;Ignite;Lulu;Blue;Support;20;3085;3085;3085;3;9052;3;17;19425;10618;11;1;47;1
460;Flash;Teleport;Graves;Blue;Top;12;5649;28165;5649;7;12237;6;18;177430;24382;163;2;32;1
461;Flash;Ignite;Lulu;Red;Support;12;596;596;596;2;5879;3;11;9808;5251;10;0;29;1
462;Flash;Heal;Aphelios;Red;Adc;1;4114;4114;4114;4;5073;0;13;59508;10382;115;0;12;0
463;Flash;Teleport;Sylas;Blue;Mid;9;8766;9949;8766;4;11184;6;17;116457;18088;124;6;22;1
464;Flash;Heal;MissFortune;Blue;Adc;8;4572;4572;4572;0;8043;5;8;65804;7552;146;2;13;1
465;Teleport;Ignite;Katarina;Blue;Mid;11;2239;6799;2239;6;10922;5;0;116600;21740;144;1;25;1
466;Flash;Smite;Evelynn;Blue;Jungle;2;30;1609;30;7;7779;4;8;99271;25183;9;0;21;0
467;Flash;Smite;LeeSin;Red;Jungle;16;1060;37826;1060;5;12929;5;17;192100;39367;42;3;39;1
468;Flash;Smite;LeeSin;Red;Jungle;9;73;20344;73;6;11679;6;19;188373;32626;55;0;24;0
469;Flash;Heal;Senna;Blue;Adc;4;1630;11523;1630;5;8870;2;10;70095;15342;141;1;8;0
470;Flash;Exhaust;Karthus;Red;Adc;3;50;50;50;13;14035;11;26;167251;22398;223;0;15;0
471;Flash;Heal;Sona;Red;Support;9;877;877;877;4;5682;2;13;8943;10858;12;0;31;0
472;Teleport;Flash;Lillia;Red;Top;3;2061;2975;2061;2;9318;5;13;110176;15107;157;0;19;1
473;Flash;Heal;Jhin;Blue;Adc;2;1440;2245;1440;3;6136;2;5;48989;4933;101;0;10;1
474;Flash;Smite;Viego;Red;Jungle;4;1190;14286;1190;1;7653;3;10;108585;15116;14;0;12;1
475;Flash;Teleport;Kassadin;Blue;Mid;2;75;75;75;8;12462;7;11;119263;23073;177;1;22;0
476;Flash;Smite;Viego;Blue;Jungle;9;441;37366;441;13;11003;4;16;136494;45378;37;0;17;0
477;Flash;Heal;Xayah;Blue;Adc;10;9366;26989;9366;4;15594;10;8;219917;18560;222;5;21;1
478;Teleport;Flash;Galio;Red;Mid;10;3753;3753;3753;6;15223;13;39;145646;25702;207;4;20;1
479;Smite;Ghost;Hecarim;Blue;Jungle;14;976;21889;976;4;11516;5;25;162116;30834;34;1;35;1
480;Ignite;Teleport;Katarina;Red;Mid;7;962;962;962;11;12076;11;2;97968;23755;111;0;7;0
481;Ignite;Flash;Zed;Blue;Mid;3;791;791;791;3;10569;5;3;142062;13330;201;0;13;0
482;Ignite;Flash;Nautilus;Red;Support;13;0;0;0;7;6577;0;45;14798;18347;31;0;53;0
483;Ignite;Teleport;Ekko;Red;Top;4;2483;6259;2483;6;10080;4;10;130169;25226;185;1;20;0
484;Flash;Ignite;Bard;Blue;Support;8;49;4306;49;3;5473;0;20;15928;9364;19;0;39;0
485;Teleport;Flash;Irelia;Blue;Top;7;6064;18640;6064;5;13116;7;14;147946;29603;203;2;26;1
486;Flash;Teleport;Trundle;Blue;Top;4;15012;26970;15012;3;13077;10;10;135467;22430;157;5;14;1
487;Flash;Ignite;Rumble;Blue;Mid;13;2508;3403;2508;13;12123;11;19;104534;29146;150;1;19;0
488;Flash;Exhaust;Viktor;Red;Mid;4;864;2659;864;8;10433;5;17;86241;17281;141;0;9;0
489;Ignite;Teleport;Akali;Blue;Mid;5;2962;3392;2962;5;10092;8;3;76554;17327;133;1;20;0
490;Flash;Teleport;Vayne;Red;Top;1;3607;3607;3607;4;6841;6;12;46393;9198;108;1;15;1
491;Flash;Teleport;Syndra;Blue;Mid;10;1015;2603;1015;6;10323;6;27;88283;13072;132;0;21;0
492;Teleport;Ignite;Akali;Blue;Top;8;6987;7400;6987;10;13323;8;3;106784;43972;169;3;30;1
493;Smite;Flash;Zac;Blue;Jungle;12;0;27441;0;5;9971;1;41;145178;36916;18;1;38;0
494;Flash;Teleport;Syndra;Red;Mid;13;4295;11073;4295;2;14144;5;23;184170;13748;226;3;11;1
495;Flash;Teleport;Syndra;Blue;Top;6;3921;5875;3921;8;12175;6;25;155550;16765;216;3;14;0
496;Flash;Teleport;Ekko;Blue;Mid;1;498;634;498;6;7490;3;8;85722;18987;145;0;13;0
497;Flash;Teleport;Jax;Blue;Top;3;10412;16026;10412;5;14088;7;22;171874;27873;191;4;18;0
498;Teleport;Flash;Kassadin;Blue;Mid;3;835;2670;835;7;11619;6;15;77569;24449;162;1;15;0
499;Flash;Ignite;Nautilus;Red;Support;13;586;1636;586;4;8232;5;57;25192;14957;32;0;68;1
